{
  "project_info": {
    "project_number": "458858129528",
    "project_id": "sheba-cfd05",
    "storage_bucket": "sheba-cfd05.appspot.com"
  },
  "client": [
    {
      "client_info": {
        "mobilesdk_app_id": "1:458858129528:android:19bb654086f096b7f5a58d",
        "android_client_info": {
          "package_name": "com.example.sheba"
        }
      },
      "oauth_client": [
        {
          "client_id": "458858129528-ua8hdh2jgf04pe795c5je59u30lbramk.apps.googleusercontent.com",
          "client_type": 1,
          "android_info": {
            "package_name": "com.example.sheba",
            "certificate_hash": "4fdcebfb9b339ab9290ac9acddd46fe9b0bbd714"
          }
        },
        {
          "client_id": "458858129528-i4uji2a9t8br5o3n93orpd1ildb6a283.apps.googleusercontent.com",
          "client_type": 3
        }
      ],
      "api_key": [
        {
          "current_key": "AIzaSyBIJQZQNiTap-EmcMgjChFe79Xn4FnQyJI"
        }
      ],
      "services": {
        "appinvite_service": {
          "other_platform_oauth_client": [
            {
              "client_id": "458858129528-i4uji2a9t8br5o3n93orpd1ildb6a283.apps.googleusercontent.com",
              "client_type": 3
            }
          ]
        }
      }
    }
  ],
  "configuration_version": "1"
}